shelfmark,pages,label,title,author,date,language,subject,description,other_metadata
Pal.lat.1,1022,Pal.lat.1,"Biblia: Testamentum vetus, liber Psalmorum et Testamentum novum",,15. Jh,Prag,,,Shelfmark: Pal.lat.1
Pal.lat.6,438,Pal.lat.6,"Biblia: Testamentum vetus, usque ad librum Iob",,15. Jh. (1. Hälfte),,,,Shelfmark: Pal.lat.6 | Place: Frankreich (?)
Pal.lat.9,480,Pal.lat.9,Biblia: Testamentum vetus et Psalterium,,1345,,,,Shelfmark: Pal.lat.9 | Place: Riga (?)
Pal.lat.7,548,Pal.lat.7,Biblia: Testamentum vetus (pars altera) et novus,,15. Jh. (1. Hälfte),,,,Shelfmark: Pal.lat.7 | Place: Frankreich (?)
Pal.lat.8,874,Pal.lat.8,Biblia: Testamentum vetus et Testamentum novus,,1419,,,,Shelfmark: Pal.lat.8 | Place: Süddeutschland (?)
Pal.lat.10,442,Pal.lat.10,Biblia: Testamentum vetus,,15. Jh.,,,,Shelfmark: Pal.lat.10 | Place: Italien oder Südfrankreich (?)
Pal.lat.11,369,Pal.lat.11,Biblia: Testamentum vetus et novus,,14. Jh. (um 1345?),,,,Shelfmark: Pal.lat.11 | Place: Riga (?)
Pal.lat.12,470,Pal.lat.12,Biblia: Testamentum vetus et Testamentum novus,,15. Jh.,,,,Shelfmark: Pal.lat.12 | Place: Italien oder Südfrankreich (?)
Pal.lat.13,924,Pal.lat.13,"Biblia: Testamentum vetus, liber Psalmorum et Testamentum novum",,"15. Jh. (1. Hälfte?), vor 1459",,,,Shelfmark: Pal.lat.13 | Place: Italien (Siena?)
Pal.lat.353,686,Pal.lat.353,"Summa Theologiae, prima secundae",Thomas de Aquino,,lat,,,Shelfmark: Pal.lat.353
Pal.lat.354,1138,Pal.lat.354,"Summa theologiae, secunda secundae",Thomas de Aquino,15. Jh.,lat,,,Shelfmark: Pal.lat.354 | Place: wohl Deutschland
Pal.lat.355,992,Pal.lat.355,"Summa theologiae, secunda secundae",Thomas de Aquino,15. Jh.,lat,,,Shelfmark: Pal.lat.355 | Place: wohl Deutschland
Pal.lat.358,680,Pal.lat.358,"Summa theologiae, pars tertia",Thomas de Aquino,15. Jh.,lat,,,Shelfmark: Pal.lat.358 | Place: wohl Deutschland
Pal.lat.357,356,Pal.lat.357,Lectura super Iohannem,Thomas de Aquino,14. Jh.,lat,,,Shelfmark: Pal.lat.357 | Place: Italien (?)
Pal.lat.356,656,Pal.lat.356,Summa contra gentiles,Thomas de Aquino,1416,lat,,,Shelfmark: Pal.lat.356 | Place: Süddeutschland (wohl Regensburg)
Pal.lat.359,243,Pal.lat.359,,,,lat,,,Shelfmark: Pal.lat.359
Pal.lat.360,482,Pal.lat.360,"Summa theologiae, pars tertia",Thomas de Aquino,14. Jh.,lat,,,Shelfmark: Pal.lat.360 | Place: Frankreich (?)
Pal.lat.363,272,Pal.lat.363,Sammelhandschrift,Ps. Thomas de Aquino; Innocentius III papa (?); Ps. Augustinus,1468,lat,,,Shelfmark: Pal.lat.363 | Place: unbekannt
Pal.lat.362,364,Pal.lat.362,Sammelhandschrift,"Cicero, Marcus Tullius; Seneca, Lucius Annaeus <Philosophus>",15. Jh.,,,,Shelfmark: Pal.lat.362 | Place: Deutschland
Pal.lat.361,746,Pal.lat.361,S. Thomae Aquinatis expositio in quartum librum sententiarum,"Thomas Aquinas, s., c. 1225-1274",15. Jh.,,,,Shelfmark: Pal.lat.361
Pal.lat.364,580,Pal.lat.364,Commentarius in IV libros Sententiarum (lib. I),Bonaventura,15. Jh. (wohl 2. Hälfte),lat,,,Shelfmark: Pal.lat.364 | Place: Deutschland
Pal.lat.365,856,Pal.lat.365,Commentarius in IV libros Sententiarum (lib. II),S. Bonaventura,15. Jh. (wohl 2. Hälfte),lat,,,Shelfmark: Pal.lat.365 | Place: Deutschland
Pal.lat.367,101,Pal.lat.367,,Aegidius Romanus,14. Jh. (2. Hälfte),und,,,Shelfmark: Pal.lat.367 | Place: Deutschland
Pal.lat.366,429,Pal.lat.366,Meditationes vitae Christi; Evangelium Nicodemi,,wohl frühes 16. Jh.,lat,,,Shelfmark: Pal.lat.366 | Place: Deutschland
Pal.lat.368,734,Pal.lat.368,Sammelhandschrift,,15. Jh.,lat,,,Shelfmark: Pal.lat.368
Pal.lat.369,644,Pal.lat.369,Sammelhandschrift,,15. Jh.,lat,,,Shelfmark: Pal.lat.369
Pal.lat.370,1010,Pal.lat.370,Sammelhandschrift,,15. Jh.,lat,,,Shelfmark: Pal.lat.370
Pal.lat.371,662,Pal.lat.371,Quaestiones theologicae,,15. Jh.,lat,,,Shelfmark: Pal.lat.371
Pal.lat.372,661,Pal.lat.372,Quaestiones variae theologicae et morales,,15. Jh.,lat,,,Shelfmark: Pal.lat.372
Pal.lat.374,618,Pal.lat.374,Quaestiones theologicae,,,lat,,,Shelfmark: Pal.lat.374
Pal.lat.373,866,Pal.lat.373,Lectiones theologicae; Quaestiones item theologicae,,15. Jh.,lat,,,Shelfmark: Pal.lat.373
Pal.lat.375,746,Pal.lat.375,Quaestiones theologicae,,15. Jh.,lat,,,Shelfmark: Pal.lat.375
Pal.lat.376,566,Pal.lat.376,Quaestiones,,Sec. XV,Latino,,,Shelfmark: Pal.lat.376
Pal.lat.377,389,Pal.lat.377,Sammelhandschrift,,,lat,,,Shelfmark: Pal.lat.377
Pal.lat.379,494,Pal.lat.379,"Raymundi (secondae iuxta Inventarium Pal. Vat.) questiones theologicae et canonieae de sacramentis, de peccatis et de censuris",,,lat,,,Shelfmark: Pal.lat.379
Pal.lat.378,606,Pal.lat.378,Sammelhandschrift,,14.-15. Jh.,lat,,,Shelfmark: Pal.lat.378
Pal.lat.380,530,Pal.lat.380,Sammelhandschrift,,15. Jh.,lat,,,Shelfmark: Pal.lat.380
Pal.lat.382,250,Pal.lat.382,Raphaelis Brandolini iunioris Lippi epistola dedicatoria ad Petrum Hysvaelles,,16. Jh.,lat,,,Shelfmark: Pal.lat.382
Pal.lat.384,1069,Pal.lat.384,Sammelhandschrift,,15. Jh.,,,,Shelfmark: Pal.lat.384
Pal.lat.385,636,Pal.lat.385,Sammelhandschrift,,15. Jh.,,,,Shelfmark: Pal.lat.385
Pal.lat.387,374,Pal.lat.387,"Adversaria de rebus moralibus, theologicis et asceticis, latine et germanice",,16. Jh.,,,,Shelfmark: Pal.lat.387
Pal.lat.388,536,Pal.lat.388,Sammelhandschrift,Nicolai Dinckelspüchel,15. Jh.,und,,,Shelfmark: Pal.lat.388
Pal.lat.389,358,Pal.lat.389,Sammelhandschrift,,15. Jh.,,,,Shelfmark: Pal.lat.389
Pal.lat.390,567,Pal.lat.390,Expositio decalogi,,15. Jh.,und,,,Shelfmark: Pal.lat.390
Pal.lat.391,785,Pal.lat.391,Sammelhandschrift,,15. Jh.,,,,Shelfmark: Pal.lat.391
Pal.lat.392,884,Pal.lat.392,“Thesaurus pauperum”,,1474,,,,Shelfmark: Pal.lat.392 | Place: Süddeutschland (wohl Dingolfing a.d. Isar)
Pal.lat.393,810,Pal.lat.393,“Thesaurus pauperum”,,1474,,,,Shelfmark: Pal.lat.393 | Place: Süddeutschland (wohl Dingolfing a.d. Isar)
Pal.lat.394,712,Pal.lat.394,“Thesaurus pauperum”,,1474,,,,Shelfmark: Pal.lat.394 | Place: Süddeutschland (wohl Dingolfing a.d. Isar)
Pal.lat.395,716,Pal.lat.395,Thesaurus pauperum,,1475,,,,Shelfmark: Pal.lat.395 | Place: Süddeutschland (wohl Dingolfing a.d. Isar)
Pal.lat.396,192,Pal.lat.396,Sammelhandschrift,14. Jh.,,und,,,Shelfmark: Pal.lat.396
Pal.lat.398,128,Pal.lat.398,Dicta sapientum,,15. Jh.,und,,,Shelfmark: Pal.lat.398
Pal.lat.397,642,Pal.lat.397,Sammelhandschrift,,15. Jh.,,,,Shelfmark: Pal.lat.397
Pal.lat.399,406,Pal.lat.399,Sammelhandschrift,,13.-14. Jh.,,,,Shelfmark: Pal.lat.399
Pal.lat.401,324,Pal.lat.401,Sammelhandschrift,,15. Jh.,und,,,Shelfmark: Pal.lat.401
Pal.lat.400,1060,Pal.lat.400,Quaestiones morales et philosophicae collectae facile in universitate heidelbergensi,,15.-16. Jh.,und,,,Shelfmark: Pal.lat.400
Pal.lat.403,188,Pal.lat.403,Sammelhandschrift,,15. Jh.,und,,,Shelfmark: Pal.lat.403
Pal.lat.402,536,Pal.lat.402,Collectio sententiarum moralium ex Bibliis,,15. Jh.,und,,,Shelfmark: Pal.lat.402
Pal.lat.404,622,Pal.lat.404,Repertorium morale (De litteris A et B),Petrus Berchorius,1430,lat,,,Shelfmark: Pal.lat.404 | Place: (Deutschland ?)
Pal.lat.405,689,Pal.lat.405,Repertorium morale (De litteris C et D),Petrus Berchorius,1430,lat,,,Shelfmark: Pal.lat.405 | Place: (Deutschland ?)
Pal.lat.406,628,Pal.lat.406,"Repertorium morale (De litteris E, F, G et H)",Petrus Berchorius,1430,lat,,,Shelfmark: Pal.lat.406 | Place: (Deutschland ?)
Pal.lat.407,684,Pal.lat.407,"Repertorium morale (De litteris I, K et L)",Petrus Berchorius,1430,lat,,,Shelfmark: Pal.lat.407 | Place: (Deutschland ?)
Pal.lat.408,838,Pal.lat.408,"Repertorium morale (De litteris M, N, O et P)",Petrus Berchorius,1430,lat,,,Shelfmark: Pal.lat.408 | Place: (Deutschland ?)
Pal.lat.409,492,Pal.lat.409,"Repertorium morale (De litteris Q, R et S)",Petrus Berchorius,1430,lat,,,Shelfmark: Pal.lat.409 | Place: (Deutschland ?)
Pal.lat.411,90,Pal.lat.411,Mons quatuor fluvialium arborum,Winandus <de Stega>,1417,,,,Shelfmark: Pal.lat.411
Pal.lat.412,228,Pal.lat.412,Adamas colluctancium aquilarum,Winandus <de Stega>,15. Jh.,,,,Shelfmark: Pal.lat.412
Pal.lat.410,560,Pal.lat.410,"Repertorium morale (De litteris T, V, X et Z)",Petrus Berchorius,1430,lat,,,Shelfmark: Pal.lat.410 | Place: (Deutschland ?)
Pal.lat.747,472,Pal.lat.747,Digestum novum,,14. Jh.,,,,Shelfmark: Pal.lat.747
Pal.lat.743,502,Pal.lat.743,Accursii glossa ad Digestum infortiatum cum aliis glossulis marginalibus siglatis et anonymis,"Iustinianus I, imperatore d'Oriente, 482-565; Accursius, Franciscus, padre, c. 1182-1263",14. Jh.,lat,,,"Shelfmark: Pal.lat.743 | Other Name: Tartagni, Alessandro, da Imola, 1424-1477; Dinus de Mugello, 1254-c. 1300"
Pal.lat.744,474,Pal.lat.744,Infortiatum,,14. Jh.,lat,,,Shelfmark: Pal.lat.744 | Place: (Südfrankreich?)
Pal.lat.748,396,Pal.lat.748,Digestum novum,"Iustinianus I, imperatore d'Oriente, 482-565",13.-14. Jh.,lat,,,Shelfmark: Pal.lat.748
Pal.lat.745,676,Pal.lat.745,Glossulae marginales ad Digestum Infortiatum cum glossa ordinaria Accursii,"Iustinianus I, imperatore d'Oriente, 482-565 ; Accursius, Franciscus, padre, c. 1182-1263",14. Jh.,lat,,,"Shelfmark: Pal.lat.745 | Other Name: Bartolus de Saxoferrato, 1314-135; Dinus de Mugello, 1254-c. 1300"
Pal.lat.750,400,Pal.lat.750,Digestum novum,,13.-14. Jh.,und,,,Shelfmark: Pal.lat.750
Pal.lat.746,488,Pal.lat.746,Digestum infortiatum,"Iustinianus I, imperatore d'Oriente, 482-565",13. Jh.,lat,,,Shelfmark: Pal.lat.746
Pal.lat.749,676,Pal.lat.749,Digestum novum,,Sec. XIV,Latino,,,Shelfmark: Pal.lat.749
Pal.lat.751,520,Pal.lat.751,Digestum novum,"Iustinianus I, imperatore d'Oriente, 482-565",13.-14. Jh.,lat,,,Shelfmark: Pal.lat.751
Pal.lat.755,170,Pal.lat.755,Digestum Novum cum glossis interlinearibus et marginalibus anonymis ante glossam Accursii,"Iustinianus I, imperatore d'Oriente, 482-565 ; Accursius, Franciscus, padre, c. 1182-1263",13. Jh.,lat,,,Shelfmark: Pal.lat.755
Pal.lat.752,414,Pal.lat.752,Digestum novum,"Iustinianus I, imperatore d'Oriente, 482-565",13.-14. Jh.,lat,,,Shelfmark: Pal.lat.752
Pal.lat.754,404,Pal.lat.754,Digestum Novum cum Accursii glossa ordinaria aliisque glossulis interlinearibus et marginalibus anonymis,"Iustinianus I, imperatore d'Oriente, 482-565; Accursius, Franciscus, padre, c. 1182-1263",13. Jh.,lat,,,Shelfmark: Pal.lat.754
Pal.lat.753,434,Pal.lat.753,Digestum Novum cum Accursii glossa glossulisque siglatis et anonymis,"Iustinianus I, imperatore d'Oriente, 482-565; Accursius, Franciscus, padre, c. 1182-1263",13. Jh.,lat,,,"Shelfmark: Pal.lat.753 | Other Name: Dinus de Mugello, 1254-c. 1300"
Pal.lat.756,392,Pal.lat.756,"Digestum novum, cum brevi glossa","Iustinianus I, imperatore d'Oriente, 482-565",14. Jh.,lat,,,Shelfmark: Pal.lat.756
Pal.lat.757,494,Pal.lat.757,,"Iustinianus I, imperatore d'Oriente, 482-565 ; Accursius, Franciscus, padre, c. 1182-1263",14. Jh.,lat,,,Shelfmark: Pal.lat.757
Pal.lat.758,544,Pal.lat.758,Codex Iustiniani cum glossa Accursii et cum aliis glossulis siglatis et anonymis,"Iustinianus I, imperatore d'Oriente, 482-565 ; Accursius, Franciscus, padre, c. 1182-1263",13.-14. Jh.,lat,,,Shelfmark: Pal.lat.758
Pal.lat.760,636,Pal.lat.760,Codex Iustiniani cum glossa Accursii et cum aliis glossulis marginalibus siglatis et anonymis. Libri I-IX.,"Iustinianus I, imperatore d'Oriente, 482-565; Accursius, Franciscus, padre, c. 1182-1263",14. Jh.,lat,,,Shelfmark: Pal.lat.760
Pal.lat.759,642,Pal.lat.759,"Codex Iustiniani cum glossa Accursii, cum aliis glossulis marginalibus siglatis et anonymis","Iustinianus I, imperatore d'Oriente, 482-565; Accursius, Franciscus, padre, c. 1182-1263",14. Jh.,lat,,,Shelfmark: Pal.lat.759
Pal.lat.761,573,Pal.lat.761,Codicis Iustiniani imp. libri IX cum glossa ordinaria et quibusdam glossulis interlinearibus et marginalibus siglatis et anonymis.,"Iustinianus I, imperatore d'Oriente, 482-565; Accursius, Franciscus, padre, c. 1182-1263",1255,lat,,,Shelfmark: Pal.lat.761
Pal.lat.763,308,Pal.lat.763,"Codicis Iustiniani imp. libri IX cum apparato Azonis et aliis glossis praeaccursianis interlinearibus et marginalibus, siglatis et anonymis","Iustinianus I, imperatore d'Oriente, 482-565 ; Azo, giureconsulto, c. 1150-m. c. 1220",14. Jh.,lat,,,Shelfmark: Pal.lat.763
Pal.lat.762,472,Pal.lat.762,Codicis Iustiniani imp. libri IX,,13. Jh.,und,,,Shelfmark: Pal.lat.762
Pal.lat.764,202,Pal.lat.764,Codicis Iustiniani imp. libri IX,"Iustinianus I, imperatore d'Oriente, 482-565",13. Jh.,lat,,,Shelfmark: Pal.lat.764
Pal.lat.765,622,Pal.lat.765,Codicis Iustiniani imp.,"Iustinianus I, imperatore d'Oriente, 482-565",14. Jh.,lat,,,Shelfmark: Pal.lat.765
Pal.lat.766,562,Pal.lat.766,Codicis Iustiniani imperatoris,"Iustinianus I, imperatore d'Oriente, 482-565",13.-14. Jh.,lat,,,Shelfmark: Pal.lat.766
Pal.lat.768,152,Pal.lat.768,Institutiones Iustiniani imperatoris,"Iustinianus I, imperatore d'Oriente, 482-565 ; Accursius, Franciscus, padre, c. 1182-1263",14. Jh.,lat,,,Shelfmark: Pal.lat.768
Pal.lat.769,140,Pal.lat.769,Institutiones Iustiniani imperatoris,"Iustinianus I, imperatore d'Oriente, 482-565",13. Jh.,lat,,,Shelfmark: Pal.lat.769
Pal.lat.767,604,Pal.lat.767,Codicis Iustiniani imperatoris,"Iustinianus I, imperatore d'Oriente, 482-565 ; Accursius, Franciscus, padre, c. 1182-1263",14. Jh.,lat,,,"Shelfmark: Pal.lat.767 | Other Name: Lambertinus de Ramponibus, m. 1304"
Pal.lat.771,208,Pal.lat.771,Institutiones Iustiniani imp,,12. Jh.,,,,Shelfmark: Pal.lat.771
Pal.lat.770,658,Pal.lat.770,Institutiones Iustiniani imperatoris,"Iustinianus I, imperatore d'Oriente, 482-565",15. Jh.,lat,,,Shelfmark: Pal.lat.770
Pal.lat.772,210,Pal.lat.772,Legis longobardorum libri tres,,12. Jh.,lat,,,Shelfmark: Pal.lat.772
Pal.lat.773,132,Pal.lat.773,Leges Ripuariae,,10. Jh.,,,,Shelfmark: Pal.lat.773
Pal.lat.774,243,Pal.lat.774,Liber statutorum et legum Venetorum illustris Iacobi Teupuli incliti ducis Veneciae,Venezia (repubblica). Doge (1229-1249 : Jacopo Tiepolo),14. Jh.,lat,,,Shelfmark: Pal.lat.774
Pal.lat.775,776,Pal.lat.775,Collectio formularum Cancellariae Imperialis,,16. Jh.,lat,,,Shelfmark: Pal.lat.775
Pal.lat.776,720,Pal.lat.776,Collectio inscripta,,Sec. XVI,Latino,,,Shelfmark: Pal.lat.776
Pal.lat.779,208,Pal.lat.779,Remissorium aureum iuris,,15. Jh.,lat,,,Shelfmark: Pal.lat.779
Pal.lat.777,480,Pal.lat.777,Decisiones de conciliis Rote,"Bellemère, Gilles de, vesc. di Avignon, 1342/3-1407",15. Jh.,lat,,,Shelfmark: Pal.lat.777
Pal.lat.781,166,Pal.lat.781,Summa de edendo que dicitur Olim,,12.-13. Jh.,lat,,,Shelfmark: Pal.lat.781
Pal.lat.782,133,Pal.lat.782,Summa decretalium,,13.-14. Jh.,lat,,,Shelfmark: Pal.lat.782
Pal.lat.780,448,Pal.lat.780,"Tractatus plenissimus iuris, libri quatuor",,14. Jh.,lat,,,Shelfmark: Pal.lat.780
Pal.lat.783,504,Pal.lat.783,Formularium contractuum et instrumentorum,,15. Jh.,lat,,,Shelfmark: Pal.lat.783
Pal.lat.784,566,Pal.lat.784,Lectura in ius canonicum de Iudiciis Continua(ndis) ad totum librum precedentem secundum Goff(ridum) CX,,1447,lat,,,Shelfmark: Pal.lat.784
Pal.lat.785,140,Pal.lat.785,Munsteri Nurembergensis in Institutionum (Iustiniani imp.) libros adnotata,,1529,Latino,,,Shelfmark: Pal.lat.785
Pal.lat.786,500,Pal.lat.786,Azonis summa Codicis Iustiniani imp.,,Sec. XIII-XIV,Latino,,,Shelfmark: Pal.lat.786
Pal.lat.787,290,Pal.lat.787,Summa Codicis,"Azo, giureconsulto, c. 1150-m. c. 1220",13.-14. Jh.,lat,,,Shelfmark: Pal.lat.787
Pal.lat.789,474,Pal.lat.789,Lectura in Digestum,,Sec. XV-XVI,Latino,,,Shelfmark: Pal.lat.789
Pal.lat.788,626,Pal.lat.788,Sammelhandschrift,,15. Jh.,lat,,,Shelfmark: Pal.lat.788
Pal.lat.790,366,Pal.lat.790,"Dictata in nonnullos librorum Pandectarum titulos a Dn. Eguinario Barone Iurecons. clariss. apud Bituriges ordinario, excepta anno salutis 1546",Éguinaire Baron,Sec. XVI,Latino,,,Shelfmark: Pal.lat.790
Pal.lat.792,626,Pal.lat.792,Guillielmi Duranti speculum iudiciale,"Durand, Guillaume, vesc. di Mende, c. 1230-1296",14. Jh.,,,,Shelfmark: Pal.lat.792
Pal.lat.791,755,Pal.lat.791,Iacobi de Alvarottis patavini de feudis,Iacobus de Alvarottus,Sec. XV,Latino,,,Shelfmark: Pal.lat.791
Pal.lat.793,362,Pal.lat.793,Guillelmi Duranti speculum iudiciale,,Sec. XV,Latino,,,Shelfmark: Pal.lat.793
Pal.lat.794,440,Pal.lat.794,Codice miscellaneo,,Sec. XV,Latino,,,Shelfmark: Pal.lat.794
Pal.lat.795,234,Pal.lat.795,Henningi a Rod. processus iudiciarius,,Sec. XVI,Latino,,,Shelfmark: Pal.lat.795
Pal.lat.796,260,Pal.lat.796,Codice miscellaneo,Bartolomeo da Brescia,Sec. XIII,Latino,,,Shelfmark: Pal.lat.796
Pal.lat.797,556,Pal.lat.797,Codice miscellaneo,Nicolai de Messiato,Sec. XV,Latino,,,Shelfmark: Pal.lat.797
Pal.lat.798,272,Pal.lat.798,Codice miscellaneo,Nicolai de Messiato,Sec .XV,Latino,,,Shelfmark: Pal.lat.798
Pal.lat.799,644,Pal.lat.799,Dni. Iohannis Petri de Ferariis (sic) practica,Iohannis Petrus de Ferarius,Sec. XV,Latino,,,Shelfmark: Pal.lat.799
Pal.lat.800,828,Pal.lat.800,(Iacobi) Gentilis (Brixiensis) repertorium iuris (Pars I),,Sec. XIV,Latino,,,Shelfmark: Pal.lat.800
Pal.lat.801,708,Pal.lat.801,(Iacobi) Gentilis (Brixiensis) repertorium iuris (Pars II),,Sec. XV,Latino,,,Shelfmark: Pal.lat.801
Pal.lat.802,498,Pal.lat.802,Repertorium iuris,,Sec. XV,Latino,,,Shelfmark: Pal.lat.802
Pal.lat.1148,96,Pal.lat.1148,Libri de consolatione medicinarum simplicium solutivarum,Mesue Minor,1301-1450,Latino,,,Shelfmark: Pal.lat.1148
Pal.lat.1149,604,Pal.lat.1149,Medizinische Sammelhandschrift,Mesue Minor; Arnoldus <de Villa Nova>; Constantinus Africanus; Gerardus Bituricensis,1. Hälfte 14. Jh.,und,,,Shelfmark: Pal.lat.1149 | Place: Paris
Pal.lat.1150,310,Pal.lat.1150,Codice miscellaneo (medicina),Mesue Minor; Matthaeus <Platearius>,Sec. XIV,Latino,,,Shelfmark: Pal.lat.1150
Pal.lat.1151,562,Pal.lat.1151,"Continens, Vol. I, libri I-IX","Rāzī, Muḥammad Ibn-Zakarīyā /ar-",Sec. XIII-XIV,Latino,,,Shelfmark: Pal.lat.1151
Pal.lat.1153,514,Pal.lat.1153,Codice miscellaneo (medicina e filosofia della natura),"Gerardus <de Solo>; Arnoldus <de Villa Nova>; Dinus de Florentia; Ibn-Ǧazla, Yaḥyā Ibn-ʿ'Īsā; Zahrāwī, Ḫalaf Ibn-Abbās /az-; Albertus <Magnus>",Sec. XIV (1358),Latino,,,Shelfmark: Pal.lat.1153
Pal.lat.1152,778,Pal.lat.1152,"Continens, Vol. III, libri XVIIIb-XXV","Rāzī, Muḥammad Ibn-Zakarīyā /ar-",1431-1460,Latino,,,Shelfmark: Pal.lat.1152
Pal.lat.1154,248,Pal.lat.1154,Codice miscellaneo (medicina),"Gerardus <de Solo>; Jacoby, Johann",1365,Latino,,,Shelfmark: Pal.lat.1154
Pal.lat.1156,190,Pal.lat.1156,Codice miscellaneo (medicina canonistica),"Rāzī, Muḥammad Ibn-Zakarīyā /ar-; Bernardus <Papiensis>",Sec. XIII-XIV,Latino,,,Shelfmark: Pal.lat.1156
Pal.lat.1155,458,Pal.lat.1155,Codice miscellaneo (medicina),"Gerardus <de Solo>; Arnoldus <de Villa Nova>; Dinus de Florentia; Montagna, Bartolomeo",Sec. XV (seconda metà),Latino,,,Shelfmark: Pal.lat.1155
Pal.lat.1157,315,Pal.lat.1157,Codice miscellaneo (medicina),Gerardus <de Solo>; Johannes <de Parma>; Mesue Minor,Sec. XIV,Latino,,,Shelfmark: Pal.lat.1157
Pal.lat.1159,506,Pal.lat.1159,"Pantegni siue Ars magna, secondo Hali Abbas",Constantinus <Africanus>,Sec. XIII-XIV,Latino,,,Shelfmark: Pal.lat.1159
Pal.lat.1160,246,Pal.lat.1160,"Pantegni siue Ars magna, nach Hali Abbas",Constantinus Africanus,12./13. Jh.,,,,Shelfmark: Pal.lat.1160 | Place: Italien
Pal.lat.1161,276,Pal.lat.1161,Medizinischer Sammelband,Constantinus Africanus; Gerardus Bituricensis,13. Jh. (I) ; um 1300 (II),,,,Shelfmark: Pal.lat.1161
Pal.lat.1162,198,Pal.lat.1162,Viaticus peregrinantis,Constantinus Africanus,1. Hälfte 13. Jh.,,,,Shelfmark: Pal.lat.1162
Pal.lat.1163,242,Pal.lat.1163,Viaticus peregrinantis,Constantinus Africanus,2. Hälfte 12. Jh.,,,,Shelfmark: Pal.lat.1163
Pal.lat.1164,214,Pal.lat.1164,Codice miscellaneo (medicina),Constantinus <Africanus>; Mattaeus Platearius; Aegidius Corbolensis; Richardus <de Arnsberg>; Trotula,Sec. XIII-XIV,Latino,,,Shelfmark: Pal.lat.1164
Pal.lat.1166,246,Pal.lat.1166,Codice miscellaneo (medicina),"Johannes <Papa, XXI.>",Sec. XIII-XIV,Latino,,,Shelfmark: Pal.lat.1166
Pal.lat.1165,293,Pal.lat.1165,Compositio (medicina),Constantinus <Africanus>; Gerardus Bituricensis; Gerardus de Montepessulano; Richardus <de Arnsberg>; Maurus <Magister>; Johannes <de Parma>; Armengaudus <Blasii>; Lanfrancus <Mediolanensis>,Sec. XIII-XIV,Latino,,,Shelfmark: Pal.lat.1165
Pal.lat.1168,156,Pal.lat.1168,Liber de natura rerum,,Sec. XIV,Latino,,,Shelfmark: Pal.lat.1168
Pal.lat.1169,546,Pal.lat.1169,Codice miscellaneo,Albertus <Magnus>,1436,Latino,,,Shelfmark: Pal.lat.1169
Pal.lat.1170,200,Pal.lat.1170,Codice miscellaneo (medicina),Ps.-Albertus <Magnus>; Johannes Paulus; Averroes,1460-61,Latino,,,Shelfmark: Pal.lat.1170
Pal.lat.1171,688,Pal.lat.1171,Codice miscellaneo (medicina),Petrus <de Abano>,Sec. XIV,Latino,,,Shelfmark: Pal.lat.1171
Pal.lat.1172,688,Pal.lat.1172,Conciliator pars I,Petrus <de Abano>,1425-1475,Latino,,,Shelfmark: Pal.lat.1172
Pal.lat.1173,574,Pal.lat.1173,Conciliator Pars II,Petrus <de Abano>,1425-1475,Latino,,,Shelfmark: Pal.lat.1173
Pal.lat.1174,224,Pal.lat.1174,Codice miscellaneo,Bernardus <de Gordonio>,Sec. XIV,Latino,,,Shelfmark: Pal.lat.1174
Pal.lat.1175,618,Pal.lat.1175,Codice miscellaneo (manoscritto/incunabolo),"Arnoldus <de Villa Nova>; Rāzī, Muḥammad Ibn-Zakarīyā ar; Petrus <de Tossignano>; Bartholomaeus <de Montagna>; Mundinus de Lenciis; Zacharias de Feltro; Gentilis <de Fulgineo>; Tura de Castello; Nicolaus <Bertrucius>",1473-1486,Latino,,,Shelfmark: Pal.lat.1175
Pal.lat.1176,430,Pal.lat.1176,Codice miscellaneo (medicina),"Palladius, Rutilius Taurus Aemilianus; Graecus, Marcus; Gentilis <de Fulgineo>; Arnaldus de Villanova",Sec.XIV,Latino,,,Shelfmark: Pal.lat.1176
Pal.lat.1177,466,Pal.lat.1177,Codice miscellaneo (medicina alchemica),"Johannes <de Rupescissa, OFM>; Arnoldus <de Villa Nova>; Ps.-Raymundus Lullus; Godefridus Molendino; Avicenna; Johannes <de Parma>; Jacoby, Johannes; Johannes <de Sancto Amando>",1447-48,Latino,,,Shelfmark: Pal.lat.1177
Pal.lat.1178,282,Pal.lat.1178,Breviarium,Arnoldus <de Villa Nova>,Sec. XV,Latino,,,Shelfmark: Pal.lat.1178
Pal.lat.1179,438,Pal.lat.1179,Codice miscellaneo (medicina),Arnoldus <de Villa Nova>; Bernardus <de Gordonio>; Bartholomaeus <de Brugis>; Lanfrancus <Mediolanensis>; Alcoatin,1351-1400,Latino,,,Shelfmark: Pal.lat.1179
Pal.lat.1180,732,Pal.lat.1180,Codice miscellaneo (medicina),"Arnoldus <de Villa Nova>; Gentilis <de Fulgineo>; Bacon, Rogerus",1430-1460,Latino,,,Shelfmark: Pal.lat.1180
Pal.lat.1181,38,Pal.lat.1181,Tabulae divisionum et subdivisionum totius artis medicinae,,14. Jh.,,,,Shelfmark: Pal.lat.1181
Pal.lat.1182,394,Pal.lat.1182,Breviarium,Arnoldus <de Villa Nova>,1477,Latino,,,Shelfmark: Pal.lat.1182
Pal.lat.1183,762,Pal.lat.1183,Codice miscellaneo,"Knab, Erhardus",1465-1466,Latino,,,Shelfmark: Pal.lat.1183
Pal.lat.1184,296,Pal.lat.1184,Codice miscellaneo (medicina),Bernardus <de Gordonio>; Galenus,Sec. XIV,Latino,,,Shelfmark: Pal.lat.1184
Pal.lat.1185,518,Pal.lat.1185,Lilium medicine I-VII,Bernhardus <de Gordonio>,1443,Latino,,,Shelfmark: Pal.lat.1185
Pal.lat.1186,421,Pal.lat.1186,Lilium medicine I-VII,Bernardus <de Gordonio>,1407,Latino,,,Shelfmark: Pal.lat.1186
Pal.lat.1187,506,Pal.lat.1187,Lilium medicine I-VII,Bernardus <de Gordonio>,1412,Latino,,,Shelfmark: Pal.lat.1187
Pal.lat.1188,378,Pal.lat.1188,Codice miscellaneo,Avicenna; Hippocrates; Copho; Arnoldus <de Villa Nova>; Leopoldus <de Austria>; Hermes; Ps.-Vergilius; Augustinus Bathus Senensis; Antonius de Haneron,1450-1500,Latino,,,Shelfmark: Pal.lat.1188
Pal.lat.1189,234,Pal.lat.1189,Medizinische Sammelhandschrift,Gariopontus; Mesue minor; Constantinus Africanus,13. Jh. ; um 1300,,,,"Shelfmark: Pal.lat.1189 | Place: Italien , Frankreich"
Pal.lat.1190,188,Pal.lat.1190,Liber medicinalis allegoricus respectu ecclesiae,,1420,Latino,,,Shelfmark: Pal.lat.1190
Pal.lat.1191,460,Pal.lat.1191,Practica seu aggregator Brixiensis,Guilhelmus Corvi de Brescia,Sec. XV,Latino,,,Shelfmark: Pal.lat.1191
Pal.lat.1192,182,Pal.lat.1192,Codice miscellaneo (medicina),Bartholomaeus <de Brugis>; Gualterus Agilon; Gerardus de Montepessulano,Sec. XIV,Latino,,,Shelfmark: Pal.lat.1192
Pal.lat.1193,358,Pal.lat.1193,Compositio,Ambros Prechtl; Abraham Beuther,1575-1586,Latino,,,Shelfmark: Pal.lat.1193
Pal.lat.1194,487,Pal.lat.1194,Codice miscellaneo (medicina),Bartholomaeus/ Galeatus de Sancta Sophia; Antonius Guainerius; Guilhelmus de Brescia; Bartholomaeus de Montagnana,1425-1450,Latino,,,Shelfmark: Pal.lat.1194
Pal.lat.1195,454,Pal.lat.1195,Codice miscellaneo (medicina) con incunabolo,Antonius Guainerius; Marcus de Senis; Nicolaus Falcutius; Christopherus de Honestis; Johannes de Tornamira,1474,Latino,,,Shelfmark: Pal.lat.1195
Pal.lat.1197,300,Pal.lat.1197,Codice miscellaneo (medicina),"Ibn-Buṭlān, al-Muẖtār Ibn-al-Ḥasan (Elluchasem Elimitar); Galeatus de Sancta Sophia",1450-1500,Latino,,,Shelfmark: Pal.lat.1197
Pal.lat.1196,348,Pal.lat.1196,Codice miscellaneo (medicina),Isaac <Iudaeus>,Sec. XIII-XIV,latino,,,Shelfmark: Pal.lat.1196
Pal.lat.1199,110,Pal.lat.1199,Codice miscellaneo (medicina),Cancellarius Montispessulani; Magister Plauensis,1350-1400,Latino,,,Shelfmark: Pal.lat.1199
Pal.lat.1198,596,Pal.lat.1198,Liber medcinalis,,1565,Latino,,,Shelfmark: Pal.lat.1198
Pal.lat.1200,258,Pal.lat.1200,Codice miscellaneo (medicina),Petrus <Hispanus>; Johannes <de Parma>; Paulinus; Arnoldus <de Villa Nova>,1400,Latino,,,Shelfmark: Pal.lat.1200
Pal.lat.1201,270,Pal.lat.1201,Temi di disputa degli artisti 1537-1538,,1535-1538,Latino,,,Shelfmark: Pal.lat.1201
Pal.lat.1202,758,Pal.lat.1202,Zusammengesetzte Handschrift (Medizin-Philosophie),"Knab, Erhardus; Hugo de Trajecto; Aegidius <Romanus>; Bartholomaeus <de Brugis>; Petrus <de Alliaco>; Guilhelmus de Occam",1458-1466 ; 2. Hälfte 14. Jh ; 1. Hälfte 15. Jh. ; 1410,,,,"Shelfmark: Pal.lat.1202 | Place: Heidelberg (I) , Frankreich (II) , Burgund (IV)"
Pal.lat.1203,406,Pal.lat.1203,Commenti agli aforismi di Ippocrate,,1430-1460,Latino,,,Shelfmark: Pal.lat.1203
Pal.lat.1204,316,Pal.lat.1204,Manoscritto composito,"Hemmerlin, Felix; Johannes Egen alias Pleniger (senior)",Sec. XV-XVI,Latino,,,Shelfmark: Pal.lat.1204
Pal.lat.1206,224,Pal.lat.1206,Diaetae universales ; Diaetae particulares,"Isrāʾīlī, Isḥāq Ibn-Sulaimān al- (Isaac Iudaeus)",2. Hälfte 13. Jh,,,,Shelfmark: Pal.lat.1206
Pal.lat.1205,332,Pal.lat.1205,Codice miscellaneo (medicina),"Arnoldus praepositus Sancti Jacobi; Arnoldus <de Villa Nova>; Maimonides, Moses; Jacoby, Johannes; Gentilis <de Fulgineo>; Costofferus; Auicenna; Bernardus <de Gordonio>; Magninus <Mediolanensis>",1450-1500,Latino,,,Shelfmark: Pal.lat.1205
Pal.lat.1207,314,Pal.lat.1207,Medizinische Sammelhandschrift,Gerhard <von Hohenkirchen>; Albertus <de Saxonia>,1425-1447,,,,Shelfmark: Pal.lat.1207 | Place: Heidelberg
Pal.lat.1553,174,Pal.lat.1553,Sammelhandschrift,"Seneca, Lucius Annaeus <Philosophus>",14.-15. Jh.,,,,Shelfmark: Pal.lat.1553 | Place: Italien
Pal.lat.1552,542,Pal.lat.1552,Codice miscellaneo,"Petrarca, Francesco ; Ps.-Cicero; Aretinus, Leonardus Brunus; Poggio Bracciolini, Gian Francesco; Guarinus <Veronensis>; Lucianus <Samosatensis>",Sec. XV,Latino,,,Shelfmark: Pal.lat.1552
Pal.lat.1549,208,Pal.lat.1549,Sammelhandschrift,"Seneca, Lucius Annaeus (Philosophus)",13. Jh.,,,,Shelfmark: Pal.lat.1549 | Place: Frankreich
Pal.lat.1554,240,Pal.lat.1554,Opera,"Seneca, Lucius Annaeus <Philosophus>",15. Jh.,,,,Shelfmark: Pal.lat.1554 | Place: Italien
Pal.lat.1555,328,Pal.lat.1555,Institutio oratoria,"Quintilianus, Marcus Fabius",Sec. XV,Latino,,,Shelfmark: Pal.lat.1555
Pal.lat.1550,191,Pal.lat.1550,Epistulae,"Seneca, Lucius Annaeus (Philosophus)",12. Jh.,,,,Shelfmark: Pal.lat.1550 | Place: Frankreich
Pal.lat.1551,183,Pal.lat.1551,Epistulae,"Seneca, Lucius Annaeus (Philosophus); Ps.-Phalaris",12. Jh. ; 15. Jh.,,,,"Shelfmark: Pal.lat.1551 | Place: Frankreich , Italien"
Pal.lat.1556,470,Pal.lat.1556,Institutio oratoria,"Quintilianus, Marcus Fabius",15. Jh.,,,,Shelfmark: Pal.lat.1556 | Place: Italien
Pal.lat.1557,338,Pal.lat.1557,Institutio oratoria,"Quintilianus, Marcus Fabius",15. Jh.,,,,Shelfmark: Pal.lat.1557 | Place: Italien
Pal.lat.1558,290,Pal.lat.1558,Declamationes minores,"Quintilianus, Marcus Fabius",Sec. XV-XVI,Latino,,,Shelfmark: Pal.lat.1558
Pal.lat.1560,527,Pal.lat.1560,Annotationes in secundum librum Plinii; Lectio In secundam partem secundi libri Plinii de meteoris,"Eber, Paul",1556-1557,lat,,,Shelfmark: Pal.lat.1560 | Place: Wittenberg
Pal.lat.1559,734,Pal.lat.1559,"Naturalis historia ; Plinius Secundus, Gaius",,Sec. XV,Latino,,,Shelfmark: Pal.lat.1559
Pal.lat.1562,278,Pal.lat.1562,De architectura,Vitruvius,15. Jh.,,,,Shelfmark: Pal.lat.1562 | Place: Italien
Pal.lat.1561,284,Pal.lat.1561,"Epistulae (I-VII, IX)","Plinius Secundus, Gaius",Sec. XV,Latino,,,Shelfmark: Pal.lat.1561
Pal.lat.1563,290,Pal.lat.1563,De architectura ; Strategemata,"Vitruvius ; Frontinus, Sextus Iulius",Sec. XV,Latino,,,Shelfmark: Pal.lat.1563
Pal.lat.1565,208,Pal.lat.1565,Opus agriculturae,"Palladius, Rutilius Taurus Aemilianus",1351-1400,Latino,,,Shelfmark: Pal.lat.1565
Pal.lat.1567,196,Pal.lat.1567,Codice miscellaneo,"Mela, Pomponius",Sec. XV-XVI,Latino,,,Shelfmark: Pal.lat.1567
Pal.lat.1566,287,Pal.lat.1566,Opus agriculturae,"Palladius, Rutilius Taurus Aemilianus",sec. XIV med,,,,Shelfmark: Pal.lat.1566 | Place: Italia
Pal.lat.1564,358,Pal.lat.1564,Agrimensores,,sec. IX in,,,,Shelfmark: Pal.lat.1564 | Place: Bassa Renania
Pal.lat.1569,178,Pal.lat.1569,Codice miscellaneo,"Solinus, Gaius Iulius; Einhardus",Sec. XV,Latino,,,Shelfmark: Pal.lat.1569
Pal.lat.1570,204,Pal.lat.1570,Codice miscellaneo,"Solinus, Gaius Iulius",Sec. XV,Latino,,,Shelfmark: Pal.lat.1570
Pal.lat.1572,200,Pal.lat.1572,Epitoma Rei Militaris,"Vegetius Renatus, Flavius",9. Jh.,,,,Shelfmark: Pal.lat.1572 | Place: Frankreich
Pal.lat.1573,251,Pal.lat.1573,Sammelhandschrift,"Vegetius Renatus, Flavius; Avianus (Poeta); Maximianus Etruscus; Statius, Publius Papinius; Claudianus, Claudius",12. Jh. ; 13. Jh,,,,"Shelfmark: Pal.lat.1573 | Place: Deutschland? , Frankreich"
Pal.lat.1574,262,Pal.lat.1574,Metamorphoses,Apuleius <Madaurensis>,15. Jh.,,,,Shelfmark: Pal.lat.1574 | Place: Italien
Pal.lat.1576,172,Pal.lat.1576,Epistulae,"Symmachus, Quintus Aurelius",Sec. XI,Latino,,,Shelfmark: Pal.lat.1576
Pal.lat.1575,513,Pal.lat.1575,Sammelhandschrift,"Macrobius, Ambrosius Theodosius",15. Jh.,und,,,Shelfmark: Pal.lat.1575 | Place: Italien
Pal.lat.1581,172,Pal.lat.1581,Philosophiae consolatio (cum glossis Remigii Autissiodorensis),Boethius,10. Jh.,und,,,Shelfmark: Pal.lat.1581 | Place: Deutschland (Trier ?)
Pal.lat.1583,766,Pal.lat.1583,Sammelhandschrift,"Boethius, Anicius Manlius Torquatus Severinus;  Pius PP.‏ II (Enea Silvio Piccolomoni); Plutarchus;  Bruni, Leonardo‏; Bonjohannes de Messina",15. Jh.,lat,,,Shelfmark: Pal.lat.1583 | Place: Heidelberg
Pal.lat.1585,528,Pal.lat.1585,Codice miscellaneo,"Boethius, Anicius Manlius Severinus; Pius <Papst, II.> / Enea Silvio Piccolomini; Petrarca, Francesco ; Seneca, Lucius Annaeus <Philosophus>",Sec. XV,Latino,,,Shelfmark: Pal.lat.1585
Pal.lat.1587,218,Pal.lat.1587,Sammelhandschrift,"Sidonius, Caius Sollius Apollinaris; Sammonicus, Quintus Serenus; Ps. Crispus Mediolanensis (Diaconus)",15. Jh.,lat,,,Shelfmark: Pal.lat.1587 | Place: Italien
Pal.lat.1589,652,Pal.lat.1589,Sammelhandschrift,"Aristoteles; Donatus, Aelius; Knab, Erhardus",1453-1458,,,,Shelfmark: Pal.lat.1589 | Place: Heidelberg
Pal.lat.1590,394,Pal.lat.1590,Sammelhandschrift,"Wenck, Johannes; Arnoldus de Monnikendam; Luder, Peter; Dionysius Areopagita",1450-1459,lat,,,Shelfmark: Pal.lat.1590 | Place: Heidelberg
Pal.lat.1594,312,Pal.lat.1594,Sammelhandschrift,"Luschus, Antonius; Tibullus, Albius",15. Jh.,,,,Shelfmark: Pal.lat.1594 | Place: Italien
Pal.lat.1592,310,Pal.lat.1592,Codice miscellaneo (umanistico),,1453,Latino,,,Shelfmark: Pal.lat.1592
Pal.lat.1593,506,Pal.lat.1593,Codice miscellaneo,"Graf, Johannes",1533-1548,Latino,,,Shelfmark: Pal.lat.1593
Pal.lat.1599,183,Pal.lat.1599,Sammelhandschrift,"Plato; Isocrates; Boccaccio, Giovanni; Lysias",1448,lat,,,Shelfmark: Pal.lat.1599 | Place: Mainz
Pal.lat.1600,650,Pal.lat.1600,Sammelhandschrift,"Datus, Augustinus; Bruni, Leonardo;  Conradus Colmach; Ps. Boethius; Adam Teutonicus",1489,lat,,,Shelfmark: Pal.lat.1600 | Place: Deutschland
Pal.lat.1605,378,Pal.lat.1605,Sammelhandschrift,"Manetti, Giannozzo",um 1440-1450,,,,Shelfmark: Pal.lat.1605 | Place: Italien
Pal.lat.1607,256,Pal.lat.1607,Dialogo Consolatorio (1439),"Manetti, Giannozzo",1444,,,,Shelfmark: Pal.lat.1607 | Place: Italien (Toskana?)
Pal.lat.1608,173,Pal.lat.1608,Candelabrum,Bene Florentinus,2. Hälfte 15. Jh,lat,,,Shelfmark: Pal.lat.1608 | Place: Oberitalien
Pal.lat.1954,702,Pal.lat.1954,Opera diversa (Trascrizione scolastica ?),"Luther, Martin",,Latino,,,Shelfmark: Pal.lat.1954
Pal.lat.1955,312,Pal.lat.1955,Diverses lat.-ted.; Copia di lettere,"Luther, Martin",,Latino-tedesco,,,Shelfmark: Pal.lat.1955
Pal.lat.1956,122,Pal.lat.1956,Catalogo della Palatina (1581) Storia,,1581,Latino,,,Shelfmark: Pal.lat.1956
Pal.lat.1957,380,Pal.lat.1957,Französische Bibel,,Anfang 14. Jh,,,,Shelfmark: Pal.lat.1957 | Place: Nordostfrankreich
Pal.lat.1959,338,Pal.lat.1959,Codice miscellaneo (teologia),,1401-1450,Latino,,,Shelfmark: Pal.lat.1959
Pal.lat.1958,472,Pal.lat.1958,"Missale, Übersetzung in französischer Sprache",,1368,fre,,,Shelfmark: Pal.lat.1958
Pal.lat.1960,344,Pal.lat.1960,"Doctrines des Pères, francese dopo Vitae patrum",,,Francese,,,Shelfmark: Pal.lat.1960
Pal.lat.1961,194,Pal.lat.1961,"Jacques le Grant, Livre des bonnes meours","Legrand, Jacques (?)",Sec. XV,Francese,,,Shelfmark: Pal.lat.1961
Pal.lat.1962,638,Pal.lat.1962,Recueil des histoires de Troie,"Le Fèvre, Raoul",15. Jh.,,,,Shelfmark: Pal.lat.1962
Pal.lat.1965,124,Pal.lat.1965,Le jeu des échecs moralisés,,15. Jh.,fre,,,Shelfmark: Pal.lat.1965
Pal.lat.1963,534,Pal.lat.1963,Histoire de la guerre sainte,Guilelmus de Tyro,13. Jh.,,,,Shelfmark: Pal.lat.1963
Pal.lat.1964,808,Pal.lat.1964,"Tristanroman in Prosa, französisch",,14. Jh.,fre,,,Shelfmark: Pal.lat.1964
Pal.lat.1966,390,Pal.lat.1966,La cité des dames,Christine <de Pisan>,Sec. XV,Francese,,,Shelfmark: Pal.lat.1966
Pal.lat.1967,218,Pal.lat.1967,"Régime du corps, Mort d'Artus",Aldobrandino (da Siena),,fre,,,Shelfmark: Pal.lat.1967
Pal.lat.1970,210,Pal.lat.1970,"William de Waddington, Manuel des péchés",William de Wadington,um 1300,,,,Shelfmark: Pal.lat.1970
Pal.lat.1968,393,Pal.lat.1968,Le champion des dames,Martin <Lefranc>,Sec. XV,Francese,,,Shelfmark: Pal.lat.1968
Pal.lat.1971,213,Pal.lat.1971,"Partonopeus de Blois, Fragmente verschiedener Schriften",,13. Jh.,und,,,Shelfmark: Pal.lat.1971
Pal.lat.1969,484,Pal.lat.1969,Les miracles de Notre Dame,Gautier de Coincy,14. Jh.,fre,,,Shelfmark: Pal.lat.1969
Pal.lat.1972,313,Pal.lat.1972,Folque de Candie,Herbert le Duc,13. Jh.,,,,Shelfmark: Pal.lat.1972
Pal.lat.1973,444,Pal.lat.1973,Horloge de sapience,"Seuse, Heinrich",Sec. XV,Francese,,,Shelfmark: Pal.lat.1973
Pal.lat.1974,287,Pal.lat.1974,"Note storiografiche, copie di lettere",,1505-1520,,,,Shelfmark: Pal.lat.1974
Pal.lat.1975,374,Pal.lat.1975,Gebetbuch in deutscher Sprache,,Mitte 16. Jh.,,,,Shelfmark: Pal.lat.1975
Pal.lat.1976,240,Pal.lat.1976,"38 Motetten, Stimmbuch (Cantus)",,um 1527,,,,Shelfmark: Pal.lat.1976
Pal.lat.1977,244,Pal.lat.1977,"38 Motetten, Stimmbuch (Contratenor)",,um 1527,,,,Shelfmark: Pal.lat.1977
Pal.lat.1978,226,Pal.lat.1978,"38 Motetten, Stimmbuch (Bass)",,um 1527,,,,Shelfmark: Pal.lat.1978
Pal.lat.1979,222,Pal.lat.1979,"38 Motetten, Stimmbuch (Tenor)",,um 1527,,,,Shelfmark: Pal.lat.1979
Pal.lat.1980,190,Pal.lat.1980,"Messen, Motetten, Stimmbuch (Tenor)",,um 1520,,,,Shelfmark: Pal.lat.1980
Pal.lat.1981,206,Pal.lat.1981,"Messen, Motetten, Stimmbuch (Bassus)",,um 1520,,,,Shelfmark: Pal.lat.1981
Pal.lat.1982,382,Pal.lat.1982,"Messen, Stimmbuch (Cantus)",,um 1520,,,,Shelfmark: Pal.lat.1982
Pal.lat.1983,90,Pal.lat.1983,Tragédie du Sac de Cabrière,,16. Jh.,,,,Shelfmark: Pal.lat.1983
Pal.lat.1984,184,Pal.lat.1984,Poesie francesi del XVI secolo,,Sec. XVI,Francese,,,Shelfmark: Pal.lat.1984
Pal.lat.1985,34,Pal.lat.1985,"Rappresentazioni allegoriche, riproduzioni (?) di arazzi (?)",,Sec. XVI,,,,Shelfmark: Pal.lat.1985
Pal.lat.1986,416,Pal.lat.1986,Bellifortis,"Kyeser, Conradus",1. Hälfte 15. Jh./ 1423,,,,Shelfmark: Pal.lat.1986
Pal.lat.1987,264,Pal.lat.1987,Commentari sui Salmi latini,Johannes a Breda (?),,Latino,,,Shelfmark: Pal.lat.1987
Pal.lat.1988,130,Pal.lat.1988,Le saint Voult de Luques,,15. Jh.,,,,Shelfmark: Pal.lat.1988
Pal.lat.1990,304,Pal.lat.1990,Lien du corps à l'âme,Aldobrandino da Siena,15. Jh.,,,,Shelfmark: Pal.lat.1990
Pal.lat.1992,374,Pal.lat.1992,Livre de Mandevie,Jehan Dupin,Sec. XV,Francese,,,Shelfmark: Pal.lat.1992
Pal.lat.1991,394,Pal.lat.1991,Vertu de la messe ; Horloge de sapience,"Seuse, Heinrich",Sec. XV,Francese,,,Shelfmark: Pal.lat.1991
Pal.lat.1993,109,Pal.lat.1993,Diario di Opicino de Canistris.,"Opicinus de Canistris, sac., 1296-c. 1352",sec. XIV med.,Latino.,,,Shelfmark: Pal.lat.1993
Pal.lat.1994,342,Pal.lat.1994,Bellifortis,"Kyeser, Conradus",1. Drittel 15. Jh.,,,,Shelfmark: Pal.lat.1994
Pal.lat.1996,78,Pal.lat.1996,"Calendario da scrivania, diario del conte palatino Giovanni Casimiro",,1567,,,,Shelfmark: Pal.lat.1996
Pal.lat.1995,202,Pal.lat.1995,Livre des bonnes moeurs,"Legrand, Jacques",1467,,,,Shelfmark: Pal.lat.1995
Pal.lat.1997,78,Pal.lat.1997,"Calendario da scrivania, diario del conte palatino Giovanni Casimiro",,1570,,,,Shelfmark: Pal.lat.1997
Pal.lat.1998,174,Pal.lat.1998,"Calendario da scrivania, annotazioni di Federico III",,1571,,,,Shelfmark: Pal.lat.1998
Pal.lat.1999,126,Pal.lat.1999,"Calendario da scrivania, diario del conte palatino Giovanni Casimiro",,1571,,,,Shelfmark: Pal.lat.1999
Pal.lat.2000,126,Pal.lat.2000,"Schreibkalender, Tagebuch Pfalzgraf Johann Casimirs",,1574,,,,Shelfmark: Pal.lat.2000
